{"040207182_1902.pdf0.jpg": [-0.41161471605300903, -5.328589916229248, -0.46942853927612305, -3.9392521381378174, 0.2031240463256836, 0.2241697907447815, 0.35152605175971985, -1.2789833545684814], "040207182_1903.pdf0.jpg": [-0.38853275775909424, -5.343672752380371, -0.4500185549259186, -3.874732732772827, 0.17528310418128967, 0.18876701593399048, 0.3375939130783081, -1.239769458770752], "040207182_1903.pdf1.jpg": [0.47177356481552124, 5.590939044952393, -1.0397619009017944, 1.9078428745269775, 0.4888830780982971, -1.7719134092330933, -0.4938599765300751, 1.7299716472625732], "040207182_1902.pdf1.jpg": [0.343391478061676, 5.46843147277832, -1.154463529586792, 1.7558248043060303, 0.4103265404701233, -1.8266868591308594, -0.24440936744213104, 1.631772518157959], "020513314_1812.pdf10.jpg": [0.43236100673675537, -0.3991755247116089, 3.8755764961242676, 1.9480712413787842, -4.717398166656494, 2.51814341545105, -2.604081630706787, -0.24131900072097778], "043164445_1903.pdf1.jpg": [0.17650443315505981, 5.387738227844238, -1.0145220756530762, 1.842270851135254, 0.5802271962165833, -1.9921941757202148, -0.13845059275627136, 1.6140787601470947], "043164445_1902.pdf1.jpg": [0.11231114715337753, 5.404584884643555, -1.2083780765533447, 1.8700218200683594, 0.6814518570899963, -1.7572803497314453, -0.31889164447784424, 1.8034029006958008], "043164445_1902.pdf0.jpg": [-0.39080387353897095, -3.9582667350769043, -2.0478720664978027, -1.515981674194336, -0.402965247631073, -0.7794009447097778, -2.082256317138672, -2.2191343307495117], "043164445_1903.pdf0.jpg": [-0.35481011867523193, -4.007630348205566, -2.0381643772125244, -1.4876010417938232, -0.412666916847229, -0.8378440141677856, -2.0592923164367676, -2.161699056625366], "020513314_1812.pdf11.jpg": [-0.6952191591262817, 1.2502849102020264, 3.3953139781951904, 1.1959636211395264, 1.0806429386138916, 2.3025872707366943, 3.8707079887390137, 0.4408795237541199], "042219946_1903.pdf1.jpg": [0.4889799952507019, 5.474572658538818, -0.9906436204910278, 1.8901281356811523, 0.47605007886886597, -1.8626513481140137, -0.39634066820144653, 1.7181601524353027], "042219946_1902.pdf1.jpg": [0.4415358304977417, 5.43508768081665, -1.3543891906738281, 1.8598616123199463, 0.6516263484954834, -1.7850072383880615, -0.3146570324897766, 1.7604830265045166], "043437344_1905.pdf0.jpg": [-0.3798377811908722, -5.320947170257568, -0.5056484937667847, -3.8604931831359863, 0.15415436029434204, 0.14553076028823853, 0.3219052851200104, -1.2461636066436768], "032147799_1905.pdf1.jpg": [0.119588203728199, 5.323668003082275, -0.9890704154968262, 2.120105504989624, 0.492350697517395, -1.7087026834487915, -0.3380323350429535, 1.5212111473083496], "032147799_1905.pdf0.jpg": [-0.42916780710220337, -5.319141864776611, -0.583773672580719, -3.804166555404663, 0.3200094401836395, 0.31293830275535583, 0.41076526045799255, -1.327881932258606], "043437344_1905.pdf1.jpg": [0.41942793130874634, 5.452495574951172, -1.14775550365448, 1.7393779754638672, 0.5292191505432129, -1.7395148277282715, -0.3306368589401245, 1.6069509983062744], "042219946_1902.pdf0.jpg": [-0.40934792160987854, -3.965554714202881, -2.067096471786499, -1.5260510444641113, -0.33679670095443726, -0.7428172826766968, -2.059429168701172, -2.163907051086426], "042219946_1903.pdf0.jpg": [-0.41705214977264404, -3.9911155700683594, -2.0991508960723877, -1.5060837268829346, -0.3619759678840637, -0.7617679238319397, -2.055248737335205, -2.1755261421203613], "040499657_1905.pdf0.jpg": [-0.3194005489349365, -4.998336315155029, -0.2924010455608368, -3.2172694206237793, -0.3914029598236084, -0.008517719805240631, 0.01804209128022194, -1.3358495235443115], "040499657_1905.pdf1.jpg": [0.1720273494720459, 5.4328789710998535, -1.1185928583145142, 1.8363499641418457, 0.4951556622982025, -1.7717304229736328, -0.4150560200214386, 1.6027309894561768], "043437344_1902.pdf0.jpg": [-0.3965207636356354, -5.308021068572998, -0.4951196610927582, -3.852739095687866, 0.1447608768939972, 0.13775941729545593, 0.2976281940937042, -1.2648942470550537], "043437344_1903.pdf0.jpg": [-0.4164036512374878, -5.312330722808838, -0.5054824948310852, -3.8618295192718506, 0.16894763708114624, 0.18524819612503052, 0.3125949800014496, -1.2695283889770508], "040163336_1901.pdf0.jpg": [-0.1888253092765808, -4.1260809898376465, -1.8855594396591187, -1.5775740146636963, -0.4478040933609009, -0.9697161912918091, -1.9782910346984863, -1.8080074787139893], "032147798_1812.pdf0.jpg": [-0.391343355178833, -3.907970428466797, -2.1375420093536377, -1.4618651866912842, -0.22082367539405823, -0.6708083152770996, -1.9839844703674316, -2.2563395500183105], "032147798_1812.pdf1.jpg": [0.24730801582336426, 5.4395928382873535, -0.9123570919036865, 1.9955103397369385, 0.6527060270309448, -1.7153983116149902, -0.3036758601665497, 1.6529357433319092], "040163336_1901.pdf1.jpg": [0.3242805600166321, 5.357138633728027, -0.8848271369934082, 1.9846675395965576, 0.48340046405792236, -2.115229845046997, -0.29936835169792175, 1.5554678440093994], "043437344_1903.pdf1.jpg": [0.2764396071434021, 5.4386420249938965, -0.9917595982551575, 1.835606575012207, 0.5962281823158264, -1.8522164821624756, -0.4569210410118103, 1.5386130809783936], "043437344_1902.pdf1.jpg": [0.34212958812713623, 5.557387351989746, -1.041466236114502, 1.8654232025146484, 0.5475023984909058, -1.7766826152801514, -0.3864736258983612, 1.682929515838623], "032147962_1812.pdf1.jpg": [0.10318154841661453, 5.437055587768555, -0.8836745023727417, 1.9918880462646484, 0.7204397320747375, -1.7301404476165771, -0.25668561458587646, 1.5651801824569702], "032147962_1812.pdf0.jpg": [-0.40575888752937317, -5.316028118133545, -0.5908704400062561, -3.82073712348938, 0.295767217874527, 0.30021408200263977, 0.4232679307460785, -1.3611397743225098], "040207182_1905.pdf0.jpg": [-0.39734041690826416, -3.9530742168426514, -1.997429370880127, -1.4973955154418945, -0.39037349820137024, -0.7805474996566772, -2.067965507507324, -2.1660447120666504], "040207182_1905.pdf1.jpg": [0.23885539174079895, 5.54342794418335, -1.2629483938217163, 1.898622751235962, 0.5565564036369324, -1.7714474201202393, -0.5822550654411316, 1.7639552354812622], "043164445_1905.pdf1.jpg": [0.320929616689682, 5.4535722732543945, -1.0929951667785645, 1.8753564357757568, 0.4729088842868805, -1.9057605266571045, -0.2817055881023407, 1.6301672458648682], "032147968_1901.pdf0.jpg": [-0.40929320454597473, -5.291555881500244, -0.5676319003105164, -3.837716817855835, 0.29533401131629944, 0.3191450834274292, 0.42098647356033325, -1.3605320453643799], "020513314_1812.pdf8.jpg": [1.0549614429473877, -1.6560101509094238, 5.132564544677734, 3.3825125694274902, -5.493433952331543, 4.320414066314697, 0.17170172929763794, 1.37273108959198], "020513314_1812.pdf9.jpg": [-0.3550143241882324, 0.6948533654212952, 6.717998504638672, 3.5446062088012695, -3.998887062072754, -0.7830443978309631, 5.08688497543335, -1.453576683998108], "032147968_1901.pdf1.jpg": [0.306468665599823, 5.514956951141357, -0.9380522966384888, 1.968428134918213, 0.6079806685447693, -1.6859110593795776, -0.3932096064090729, 1.5917065143585205], "043164445_1905.pdf0.jpg": [-0.39712387323379517, -3.9487555027008057, -2.016056537628174, -1.4932613372802734, -0.3985995650291443, -0.8002802133560181, -2.074146270751953, -2.1842195987701416], "040477630_1902.pdf0.jpg": [-0.39439132809638977, -5.355808734893799, -0.5570147633552551, -3.8535449504852295, 0.15703123807907104, 0.2065185010433197, 0.3673144280910492, -1.2726116180419922], "040477630_1903.pdf0.jpg": [-0.3994094133377075, -5.386636257171631, -0.5861000418663025, -3.886500835418701, 0.16479209065437317, 0.19908630847930908, 0.3678520619869232, -1.2852460145950317], "020513314_1812.pdf4.jpg": [2.5210723876953125, -1.0056809186935425, 5.244965076446533, 3.5717408657073975, -5.241967678070068, 3.4694197177886963, -1.9281352758407593, 0.6222823858261108],